{
  "location": {
    "precision": 0.6875,
    "recall": 0.6875,
    "f1-score": 0.6875,
    "support": 16,
    "confused_with": {}
  },
  "restaurant_type": {
    "precision": 0.8461538461538461,
    "recall": 0.44,
    "f1-score": 0.5789473684210525,
    "support": 25,
    "confused_with": {
      "restaurant_name": 8
    }
  },
  "restaurant_facility": {
    "precision": 0.9285714285714286,
    "recall": 0.8666666666666667,
    "f1-score": 0.896551724137931,
    "support": 15,
    "confused_with": {}
  },
  "restaurant_name": {
    "precision": 0.8797814207650273,
    "recall": 0.8702702702702703,
    "f1-score": 0.875,
    "support": 185,
    "confused_with": {}
  },
  "micro avg": {
    "precision": 0.8672566371681416,
    "recall": 0.8132780082987552,
    "f1-score": 0.8394004282655245,
    "support": 241
  },
  "macro avg": {
    "precision": 0.8355016738725755,
    "recall": 0.7161092342342342,
    "f1-score": 0.7594997731397459,
    "support": 241
  },
  "weighted avg": {
    "precision": 0.8665642341242641,
    "recall": 0.8132780082987552,
    "f1-score": 0.8331824069402294,
    "support": 241
  },
  "accuracy": 0.9425385934819898
}