{
  "location": {
    "precision": 0.5238095238095238,
    "recall": 0.8461538461538461,
    "f1-score": 0.6470588235294118,
    "support": 13,
    "confused_with": {
      "restaurant_name": 2
    }
  },
  "restaurant_type": {
    "precision": 0.7142857142857143,
    "recall": 0.5555555555555556,
    "f1-score": 0.6250000000000001,
    "support": 27,
    "confused_with": {
      "restaurant_name": 3
    }
  },
  "restaurant_facility": {
    "precision": 1.0,
    "recall": 0.7692307692307693,
    "f1-score": 0.8695652173913044,
    "support": 13,
    "confused_with": {}
  },
  "restaurant_name": {
    "precision": 0.9441624365482234,
    "recall": 0.9073170731707317,
    "f1-score": 0.9253731343283582,
    "support": 205,
    "confused_with": {
      "location": 4
    }
  },
  "micro avg": {
    "precision": 0.891566265060241,
    "recall": 0.8604651162790697,
    "f1-score": 0.8757396449704141,
    "support": 258
  },
  "macro avg": {
    "precision": 0.7955644186608654,
    "recall": 0.7695643110277256,
    "f1-score": 0.7667492938122686,
    "support": 258
  },
  "weighted avg": {
    "precision": 0.9017385177814881,
    "recall": 0.8604651162790697,
    "f1-score": 0.8771031204235766,
    "support": 258
  },
  "accuracy": 0.9539130434782609
}