{
  "location": {
    "precision": 0.6,
    "recall": 0.1875,
    "f1-score": 0.2857142857142857,
    "support": 16,
    "confused_with": {
      "restaurant_name": 3
    }
  },
  "restaurant_type": {
    "precision": 0.5714285714285714,
    "recall": 0.16,
    "f1-score": 0.25,
    "support": 25,
    "confused_with": {
      "restaurant_name": 10
    }
  },
  "restaurant_facility": {
    "precision": 1.0,
    "recall": 0.6666666666666666,
    "f1-score": 0.8,
    "support": 15,
    "confused_with": {}
  },
  "restaurant_name": {
    "precision": 0.8203592814371258,
    "recall": 0.7405405405405405,
    "f1-score": 0.7784090909090908,
    "support": 185,
    "confused_with": {
      "restaurant_type": 2
    }
  },
  "micro avg": {
    "precision": 0.8148148148148148,
    "recall": 0.6390041493775933,
    "f1-score": 0.7162790697674417,
    "support": 241
  },
  "macro avg": {
    "precision": 0.7479469632164243,
    "recall": 0.4386768018018018,
    "f1-score": 0.5285308441558442,
    "support": 241
  },
  "weighted avg": {
    "precision": 0.7910878894256538,
    "recall": 0.6390041493775933,
    "f1-score": 0.6922286738158107,
    "support": 241
  },
  "accuracy": 0.9090909090909091
}