{
  "location": {
    "precision": 0.2857142857142857,
    "recall": 0.125,
    "f1-score": 0.17391304347826086,
    "support": 16,
    "confused_with": {
      "restaurant_name": 2
    }
  },
  "restaurant_type": {
    "precision": 0.5555555555555556,
    "recall": 0.37037037037037035,
    "f1-score": 0.4444444444444445,
    "support": 27,
    "confused_with": {
      "restaurant_name": 4
    }
  },
  "restaurant_facility": {
    "precision": 0.6666666666666666,
    "recall": 0.14285714285714285,
    "f1-score": 0.23529411764705882,
    "support": 14,
    "confused_with": {
      "restaurant_name": 2
    }
  },
  "restaurant_name": {
    "precision": 0.8888888888888888,
    "recall": 0.7378640776699029,
    "f1-score": 0.806366047745358,
    "support": 206,
    "confused_with": {
      "restaurant_type": 5
    }
  },
  "micro avg": {
    "precision": 0.8341708542713567,
    "recall": 0.6311787072243346,
    "f1-score": 0.7186147186147185,
    "support": 263
  },
  "macro avg": {
    "precision": 0.5992063492063492,
    "recall": 0.344022897724354,
    "f1-score": 0.4150044133287806,
    "support": 263
  },
  "weighted avg": {
    "precision": 0.8061440038626351,
    "recall": 0.6311787072243346,
    "f1-score": 0.7003351033393718,
    "support": 263
  },
  "accuracy": 0.902502157031924
}