{
  "location": {
    "precision": 0.7333333333333333,
    "recall": 0.7333333333333333,
    "f1-score": 0.7333333333333333,
    "support": 15,
    "confused_with": {
      "restaurant_name": 1
    }
  },
  "restaurant_type": {
    "precision": 0.5,
    "recall": 0.4,
    "f1-score": 0.4444444444444445,
    "support": 25,
    "confused_with": {
      "restaurant_name": 6
    }
  },
  "restaurant_facility": {
    "precision": 0.9285714285714286,
    "recall": 0.9285714285714286,
    "f1-score": 0.9285714285714286,
    "support": 14,
    "confused_with": {}
  },
  "restaurant_name": {
    "precision": 0.8994082840236687,
    "recall": 0.8260869565217391,
    "f1-score": 0.8611898016997167,
    "support": 184,
    "confused_with": {
      "restaurant_type": 4
    }
  },
  "micro avg": {
    "precision": 0.8532110091743119,
    "recall": 0.7815126050420168,
    "f1-score": 0.8157894736842106,
    "support": 238
  },
  "macro avg": {
    "precision": 0.7653282614821078,
    "recall": 0.7219979296066252,
    "f1-score": 0.7418847520122308,
    "support": 238
  },
  "weighted avg": {
    "precision": 0.848702202774601,
    "recall": 0.7815126050420168,
    "f1-score": 0.8133194732094915,
    "support": 238
  },
  "accuracy": 0.9376623376623376
}