{
  "location": {
    "precision": 0.4375,
    "recall": 0.4375,
    "f1-score": 0.4375,
    "support": 16,
    "confused_with": {
      "restaurant_name": 2
    }
  },
  "restaurant_type": {
    "precision": 0.6190476190476191,
    "recall": 0.48148148148148145,
    "f1-score": 0.5416666666666666,
    "support": 27,
    "confused_with": {
      "restaurant_name": 7
    }
  },
  "restaurant_facility": {
    "precision": 0.875,
    "recall": 0.5,
    "f1-score": 0.6363636363636364,
    "support": 14,
    "confused_with": {
      "restaurant_name": 2
    }
  },
  "restaurant_name": {
    "precision": 0.8693467336683417,
    "recall": 0.8398058252427184,
    "f1-score": 0.8543209876543211,
    "support": 206,
    "confused_with": {
      "location": 4
    }
  },
  "micro avg": {
    "precision": 0.819672131147541,
    "recall": 0.7604562737642585,
    "f1-score": 0.7889546351084813,
    "support": 263
  },
  "macro avg": {
    "precision": 0.7002235881789902,
    "recall": 0.5646968266810499,
    "f1-score": 0.617462822671156,
    "support": 263
  },
  "weighted avg": {
    "precision": 0.8176795165397875,
    "recall": 0.7604562737642585,
    "f1-score": 0.7852631724938443,
    "support": 263
  },
  "accuracy": 0.9206212251941329
}