{
  "restaurant_name": {
    "precision": 1.0,
    "recall": 1.0,
    "f1-score": 1.0,
    "support": 36,
    "confused_with": {}
  },
  "lokasi_resto": {
    "precision": 1.0,
    "recall": 1.0,
    "f1-score": 1.0,
    "support": 2,
    "confused_with": {}
  },
  "working_hours": {
    "precision": 0.9473684210526315,
    "recall": 1.0,
    "f1-score": 0.972972972972973,
    "support": 18,
    "confused_with": {}
  },
  "restaurant_type": {
    "precision": 1.0,
    "recall": 1.0,
    "f1-score": 1.0,
    "support": 13,
    "confused_with": {}
  },
  "micro avg": {
    "precision": 0.9857142857142858,
    "recall": 1.0,
    "f1-score": 0.9928057553956835,
    "support": 69
  },
  "macro avg": {
    "precision": 0.9868421052631579,
    "recall": 1.0,
    "f1-score": 0.9932432432432432,
    "support": 69
  },
  "weighted avg": {
    "precision": 0.9862700228832952,
    "recall": 1.0,
    "f1-score": 0.9929494712103408,
    "support": 69
  },
  "accuracy": 0.9992852037169406
}