{
  "restaurant_facility": {
    "precision": 0.9272727272727272,
    "recall": 0.9272727272727272,
    "f1-score": 0.9272727272727272,
    "support": 55,
    "confused_with": {}
  },
  "location": {
    "precision": 0.9666666666666667,
    "recall": 0.8787878787878788,
    "f1-score": 0.9206349206349207,
    "support": 66,
    "confused_with": {}
  },
  "restaurant_name": {
    "precision": 0.9704433497536946,
    "recall": 0.9723593287265548,
    "f1-score": 0.9714003944773175,
    "support": 1013,
    "confused_with": {}
  },
  "restaurant_type": {
    "precision": 0.8235294117647058,
    "recall": 0.7619047619047619,
    "f1-score": 0.7915194346289751,
    "support": 147,
    "confused_with": {
      "restaurant_name": 1
    }
  },
  "micro avg": {
    "precision": 0.95260663507109,
    "recall": 0.9414519906323185,
    "f1-score": 0.9469964664310955,
    "support": 1281
  },
  "macro avg": {
    "precision": 0.9219780388644485,
    "recall": 0.8850811741729807,
    "f1-score": 0.9027068692534851,
    "support": 1281
  },
  "weighted avg": {
    "precision": 0.9515362504526966,
    "recall": 0.9414519906323185,
    "f1-score": 0.9462481352520584,
    "support": 1281
  },
  "accuracy": 0.9771135781383433
}