{
  "location": {
    "precision": 1.0,
    "recall": 0.8333333333333334,
    "f1-score": 0.9090909090909091,
    "support": 12,
    "confused_with": {
      "restaurant_name": 2
    }
  },
  "restaurant_name": {
    "precision": 0.9607329842931938,
    "recall": 0.941025641025641,
    "f1-score": 0.9507772020725389,
    "support": 390,
    "confused_with": {
      "restaurant_type": 3
    }
  },
  "restaurant_facility": {
    "precision": 1.0,
    "recall": 0.6111111111111112,
    "f1-score": 0.7586206896551725,
    "support": 18,
    "confused_with": {}
  },
  "restaurant_type": {
    "precision": 0.8604651162790697,
    "recall": 0.9135802469135802,
    "f1-score": 0.8862275449101796,
    "support": 81,
    "confused_with": {
      "restaurant_name": 2
    }
  },
  "micro avg": {
    "precision": 0.9447852760736196,
    "recall": 0.9221556886227545,
    "f1-score": 0.9333333333333335,
    "support": 501
  },
  "macro avg": {
    "precision": 0.9552995251430658,
    "recall": 0.8247625830959164,
    "f1-score": 0.8761790864322,
    "support": 501
  },
  "weighted avg": {
    "precision": 0.9468733299260483,
    "recall": 0.9221556886227545,
    "f1-score": 0.9324387290796382,
    "support": 501
  },
  "accuracy": 0.9848211988680217
}