{
  "restaurant_type": {
    "precision": 1.0,
    "recall": 0.46153846153846156,
    "f1-score": 0.631578947368421,
    "support": 13,
    "confused_with": {}
  },
  "working_hours": {
    "precision": 0.8888888888888888,
    "recall": 0.8888888888888888,
    "f1-score": 0.8888888888888888,
    "support": 18,
    "confused_with": {
      "restaurant_name": 1
    }
  },
  "restaurant_name": {
    "precision": 0.8611111111111112,
    "recall": 1.0,
    "f1-score": 0.9253731343283582,
    "support": 31,
    "confused_with": {}
  },
  "micro avg": {
    "precision": 0.8833333333333333,
    "recall": 0.8548387096774194,
    "f1-score": 0.8688524590163934,
    "support": 62
  },
  "macro avg": {
    "precision": 0.9166666666666666,
    "recall": 0.7834757834757835,
    "f1-score": 0.8152803235285561,
    "support": 62
  },
  "weighted avg": {
    "precision": 0.8982974910394265,
    "recall": 0.8548387096774194,
    "f1-score": 0.8531789270962673,
    "support": 62
  }
}