{
  "restaurant_type": {
    "precision": 1.0,
    "recall": 0.38461538461538464,
    "f1-score": 0.5555555555555556,
    "support": 13,
    "confused_with": {}
  },
  "working_hours": {
    "precision": 0.7727272727272727,
    "recall": 0.9444444444444444,
    "f1-score": 0.85,
    "support": 18,
    "confused_with": {
      "restaurant_name": 1
    }
  },
  "restaurant_name": {
    "precision": 0.8571428571428571,
    "recall": 0.967741935483871,
    "f1-score": 0.909090909090909,
    "support": 31,
    "confused_with": {}
  },
  "micro avg": {
    "precision": 0.8387096774193549,
    "recall": 0.8387096774193549,
    "f1-score": 0.8387096774193549,
    "support": 62
  },
  "macro avg": {
    "precision": 0.8766233766233765,
    "recall": 0.7656005881812332,
    "f1-score": 0.7715488215488214,
    "support": 62
  },
  "weighted avg": {
    "precision": 0.8625890238793464,
    "recall": 0.8387096774193549,
    "f1-score": 0.8178071032909742,
    "support": 62
  },
  "accuracy": 0.9908389585342333
}