{
  "intent_ask_all_menu": {
    "precision": 0.9259259259259259,
    "recall": 1.0,
    "f1-score": 0.9615384615384615,
    "support": 25,
    "confused_with": {}
  },
  "intent_reservation": {
    "precision": 0.95,
    "recall": 1.0,
    "f1-score": 0.9743589743589743,
    "support": 19,
    "confused_with": {}
  },
  "intent_provide_negative_sample": {
    "precision": 0.8529411764705882,
    "recall": 0.9666666666666667,
    "f1-score": 0.90625,
    "support": 30,
    "confused_with": {
      "intent_recommendation_restaurant": 1
    }
  },
  "intent_thanks": {
    "precision": 0.9142857142857143,
    "recall": 0.8,
    "f1-score": 0.8533333333333333,
    "support": 40,
    "confused_with": {
      "intent_greet": 3,
      "intent_happy_mood": 2
    }
  },
  "intent_challenge_bot": {
    "precision": 0.8260869565217391,
    "recall": 0.8837209302325582,
    "f1-score": 0.853932584269663,
    "support": 43,
    "confused_with": {
      "intent_reject": 2,
      "intent_happy_mood": 1
    }
  },
  "intent_reject": {
    "precision": 0.8780487804878049,
    "recall": 0.8780487804878049,
    "f1-score": 0.8780487804878049,
    "support": 41,
    "confused_with": {
      "intent_challenge_bot": 3,
      "intent_thanks": 1
    }
  },
  "intent_restaurant_pricing": {
    "precision": 0.9545454545454546,
    "recall": 0.9545454545454546,
    "f1-score": 0.9545454545454546,
    "support": 22,
    "confused_with": {
      "intent_ask_all_menu": 1
    }
  },
  "intent_happy_mood": {
    "precision": 0.8095238095238095,
    "recall": 0.723404255319149,
    "f1-score": 0.7640449438202246,
    "support": 47,
    "confused_with": {
      "intent_confirmation": 6,
      "intent_greet": 3
    }
  },
  "intent_provide_restaurant_name": {
    "precision": 0.9545454545454546,
    "recall": 0.9333333333333333,
    "f1-score": 0.9438202247191012,
    "support": 45,
    "confused_with": {
      "intent_provide_negative_sample": 1,
      "intent_reservation": 1
    }
  },
  "intent_aks_24h_restaurant": {
    "precision": 1.0,
    "recall": 1.0,
    "f1-score": 1.0,
    "support": 20,
    "confused_with": {}
  },
  "intent_recommendation_restaurant": {
    "precision": 0.9512195121951219,
    "recall": 0.9512195121951219,
    "f1-score": 0.9512195121951219,
    "support": 41,
    "confused_with": {
      "intent_recommendation_menu": 1,
      "intent_provide_negative_sample": 1
    }
  },
  "intent_restaurant_working_hours": {
    "precision": 0.9090909090909091,
    "recall": 1.0,
    "f1-score": 0.9523809523809523,
    "support": 20,
    "confused_with": {}
  },
  "intent_greet": {
    "precision": 0.8461538461538461,
    "recall": 0.8461538461538461,
    "f1-score": 0.8461538461538461,
    "support": 39,
    "confused_with": {
      "intent_challenge_bot": 3,
      "intent_happy_mood": 2
    }
  },
  "intent_restaurant_facility": {
    "precision": 0.9565217391304348,
    "recall": 1.0,
    "f1-score": 0.9777777777777777,
    "support": 22,
    "confused_with": {}
  },
  "intent_restaurant_discount": {
    "precision": 1.0,
    "recall": 1.0,
    "f1-score": 1.0,
    "support": 9,
    "confused_with": {}
  },
  "intent_bye": {
    "precision": 0.9655172413793104,
    "recall": 0.9032258064516129,
    "f1-score": 0.9333333333333333,
    "support": 31,
    "confused_with": {
      "intent_thanks": 2,
      "intent_restaurant_working_hours": 1
    }
  },
  "intent_confirmation": {
    "precision": 0.8571428571428571,
    "recall": 0.9230769230769231,
    "f1-score": 0.888888888888889,
    "support": 39,
    "confused_with": {
      "intent_happy_mood": 2,
      "intent_bye": 1
    }
  },
  "intent_recommendation_menu": {
    "precision": 0.9761904761904762,
    "recall": 0.9111111111111111,
    "f1-score": 0.9425287356321839,
    "support": 45,
    "confused_with": {
      "intent_ask_all_menu": 1,
      "intent_restaurant_facility": 1
    }
  },
  "intent_ask_restaurant_location": {
    "precision": 1.0,
    "recall": 1.0,
    "f1-score": 1.0,
    "support": 22,
    "confused_with": {}
  },
  "accuracy": 0.91,
  "macro avg": {
    "precision": 0.9225126238731287,
    "recall": 0.9302371905038727,
    "f1-score": 0.9253766212334275,
    "support": 600
  },
  "weighted avg": {
    "precision": 0.9106586490481381,
    "recall": 0.91,
    "f1-score": 0.9092429370704991,
    "support": 600
  },
  "micro avg": {
    "precision": 0.91,
    "recall": 0.91,
    "f1-score": 0.91,
    "support": 600
  }
}