{
  "config-custom-bert": [
    [
      0.7320629558743985,
      0.6404696874235802,
      0.4729357275843531,
      0.2551229140916162
    ],
    [
      0.6837177123581291,
      0.7102372566405167,
      0.506939200622951,
      0.2634382458755071
    ],
    [
      0.7154606112537176,
      0.6796174295392394,
      0.48535644814010215,
      0.3498782942964569
    ]
  ],
  "config-light-copy": [
    [
      0.6812635827901833,
      0.6241920243712511,
      0.4090171141793448,
      0.26852000095593664
    ],
    [
      0.6686930208188888,
      0.5347739386896013,
      0.31435049029700085,
      0.1868097700155514
    ],
    [
      0.7196126497331317,
      0.4721747471207838,
      0.3358452037861812,
      0.2189270531520848
    ]
  ]
}