{
  "location": {
    "precision": 0.8333333333333334,
    "recall": 0.625,
    "f1-score": 0.7142857142857143,
    "support": 16,
    "confused_with": {}
  },
  "restaurant_type": {
    "precision": 0.6923076923076923,
    "recall": 0.72,
    "f1-score": 0.7058823529411765,
    "support": 25,
    "confused_with": {
      "restaurant_name": 2
    }
  },
  "restaurant_facility": {
    "precision": 0.9333333333333333,
    "recall": 0.9333333333333333,
    "f1-score": 0.9333333333333333,
    "support": 15,
    "confused_with": {}
  },
  "restaurant_name": {
    "precision": 0.9404761904761905,
    "recall": 0.8540540540540541,
    "f1-score": 0.8951841359773373,
    "support": 185,
    "confused_with": {
      "restaurant_type": 3
    }
  },
  "micro avg": {
    "precision": 0.9049773755656109,
    "recall": 0.8298755186721992,
    "f1-score": 0.8658008658008658,
    "support": 241
  },
  "macro avg": {
    "precision": 0.8498626373626375,
    "recall": 0.7830968468468469,
    "f1-score": 0.8121713841343904,
    "support": 241
  },
  "weighted avg": {
    "precision": 0.9071747754320368,
    "recall": 0.8298755186721992,
    "f1-score": 0.8659115992029387,
    "support": 241
  },
  "accuracy": 0.951114922813036
}