{
  "location": {
    "precision": 0.6923076923076923,
    "recall": 0.8181818181818182,
    "f1-score": 0.7500000000000001,
    "support": 11,
    "confused_with": {
      "restaurant_name": 1
    }
  },
  "restaurant_type": {
    "precision": 0.7272727272727273,
    "recall": 0.6666666666666666,
    "f1-score": 0.6956521739130435,
    "support": 24,
    "confused_with": {
      "restaurant_name": 1
    }
  },
  "restaurant_facility": {
    "precision": 0.9375,
    "recall": 0.9375,
    "f1-score": 0.9375,
    "support": 16,
    "confused_with": {
      "restaurant_name": 1
    }
  },
  "restaurant_name": {
    "precision": 0.94,
    "recall": 0.9641025641025641,
    "f1-score": 0.9518987341772152,
    "support": 195,
    "confused_with": {
      "restaurant_type": 2
    }
  },
  "micro avg": {
    "precision": 0.9083665338645418,
    "recall": 0.926829268292683,
    "f1-score": 0.9175050301810864,
    "support": 246
  },
  "macro avg": {
    "precision": 0.8242701048951049,
    "recall": 0.8466127622377623,
    "f1-score": 0.8337627270225647,
    "support": 246
  },
  "weighted avg": {
    "precision": 0.9080078458127238,
    "recall": 0.926829268292683,
    "f1-score": 0.9169345745466259,
    "support": 246
  },
  "accuracy": 0.96875
}