{
  "working_hours": {
    "precision": 0.9,
    "recall": 1.0,
    "f1-score": 0.9473684210526316,
    "support": 18,
    "confused_with": {}
  },
  "lokasi_resto": {
    "precision": 1.0,
    "recall": 1.0,
    "f1-score": 1.0,
    "support": 2,
    "confused_with": {}
  },
  "jenis_resto": {
    "precision": 0.9166666666666666,
    "recall": 0.9166666666666666,
    "f1-score": 0.9166666666666666,
    "support": 12,
    "confused_with": {}
  },
  "nama_resto": {
    "precision": 1.0,
    "recall": 1.0,
    "f1-score": 1.0,
    "support": 21,
    "confused_with": {}
  },
  "micro avg": {
    "precision": 0.9454545454545454,
    "recall": 0.9811320754716981,
    "f1-score": 0.9629629629629629,
    "support": 53
  },
  "macro avg": {
    "precision": 0.9541666666666666,
    "recall": 0.9791666666666666,
    "f1-score": 0.9660087719298246,
    "support": 53
  },
  "weighted avg": {
    "precision": 0.9471698113207547,
    "recall": 0.9811320754716981,
    "f1-score": 0.9632571996027806,
    "support": 53
  },
  "accuracy": 0.9904534606205251
}